time_step,                           population_size,                           mean_age,                           mean_sex,                           mean_food_consumed,                           mean_pesticide_consumed,                           mortality_rate,mean_food1_consumed,mean_pesticide1_consumed,mean_pesticide2_consumed,trait1_mean_value,trait2_mean_value,trait3_mean_value,trait4_mean_value,trait5_mean_value,trait6_mean_value,
0, 100, 1.000000, 2.550000, 6.000000, 0.157500, 0.000000,0.157500,0.100000,0.000000,-0.000046,-0.000026,0.000026,-0.000050,-0.000000,-0.000016,
1, 140, 1.714286, 2.550000, 6.000000, 0.180357, 0.000000,0.230357,0.189286,0.000000,-0.000083,-0.000052,0.000053,-0.000108,0.000003,-0.000042,
2, 206, 2.165049, 2.548544, 6.000000, 0.171117, 0.000000,0.292476,0.267476,0.000000,-0.000097,-0.000062,0.000062,-0.000127,0.000005,-0.000050,
3, 301, 2.481728, 2.541528, 6.000000, 0.166944, 0.000000,0.348007,0.339203,0.000000,-0.000110,-0.000071,0.000071,-0.000146,0.000006,-0.000059,
